StrainID,Nuclear,NucPop,Mito,MitoPop,Ploidy,og_v_syn,Genotype,Petite,Grande,Total,PetFreq
SP09rho06,Y55,WestAfrican,273614N,mosaic,Haploid,synthetic,MATaura3,244,2633,2877,8.48
SP09rho06,Y55,WestAfrican,273614N,mosaic,Haploid,synthetic,MATaura3,204,2920,3124,6.53
SP09rho06,Y55,WestAfrican,273614N,mosaic,Haploid,synthetic,MATaura3,186,2482,2668,6.97
SP09rho08,Y55,WestAfrican,322134S,mosaic,Haploid,synthetic,MATaura3,354,3173,3527,10.04
SP09rho08,Y55,WestAfrican,322134S,mosaic,Haploid,synthetic,MATaura3,237,2363,2600,9.12
SP09rho08,Y55,WestAfrican,322134S,mosaic,Haploid,synthetic,MATaura3,337,3248,3585,9.4
SP09rho12,Y55,WestAfrican,BC187,European,Haploid,synthetic,MATaura3,62,378,440,14.09
SP09rho12,Y55,WestAfrican,BC187,European,Haploid,synthetic,MATaura3,154,973,1127,13.66
SP09rho12,Y55,WestAfrican,BC187,European,Haploid,synthetic,MATaura3,408,2803,3211,12.71
SP09rho16,Y55,WestAfrican,DBVPG1373,European,Haploid,synthetic,MATaura3,239,2510,2749,8.69
SP09rho16,Y55,WestAfrican,DBVPG1373,European,Haploid,synthetic,MATaura3,221,2252,2473,8.94
SP09rho16,Y55,WestAfrican,DBVPG1373,European,Haploid,synthetic,MATaura3,198,2169,2367,8.37
SP09rho21,Y55,WestAfrican,DBVPG6044,WestAfrican,Haploid,synthetic,MATaura3,79,376,455,17.36
SP09rho21,Y55,WestAfrican,DBVPG6044,WestAfrican,Haploid,synthetic,MATaura3,202,1166,1368,14.77
SP09rho21,Y55,WestAfrican,DBVPG6044,WestAfrican,Haploid,synthetic,MATaura3,273,2275,2548,10.71
SP09rho20,Y55,WestAfrican,L-1528,European,Haploid,synthetic,MATaura3,329,2540,2869,11.47
SP09rho20,Y55,WestAfrican,L-1528,European,Haploid,synthetic,MATaura3,254,2353,2607,9.74
SP09rho20,Y55,WestAfrican,L-1528,European,Haploid,synthetic,MATaura3,359,3073,3432,10.46
TUC134,Y55,WestAfrican,NCYC110,WestAfrican,Haploid,synthetic,MATxura3,764,1777,2541,30.07
TUC134,Y55,WestAfrican,NCYC110,WestAfrican,Haploid,synthetic,MATxura3,969,1584,2553,37.96
TUC134,Y55,WestAfrican,NCYC110,WestAfrican,Haploid,synthetic,MATxura3,518,1545,2063,25.11
SP09rho11,Y55,WestAfrican,SK1,WestAfrican,Haploid,synthetic,MATaura3,522,2102,2624,19.89
SP09rho11,Y55,WestAfrican,SK1,WestAfrican,Haploid,synthetic,MATaura3,710,2193,2903,24.46
SP09rho11,Y55,WestAfrican,SK1,WestAfrican,Haploid,synthetic,MATaura3,530,2070,2600,20.38
SP09rho11,Y55,WestAfrican,SK1,WestAfrican,Haploid,synthetic,MATaura3,448,1792,2240,20
SP09rho11,Y55,WestAfrican,SK1,WestAfrican,Haploid,synthetic,MATaura3,536,2669,3205,16.72
SP09rho10,Y55,WestAfrican,UWOPS83-787.3,mosaic,Haploid,synthetic,MATaura3,78,1646,1724,4.52
SP09rho10,Y55,WestAfrican,UWOPS83-787.3,mosaic,Haploid,synthetic,MATaura3,117,1990,2107,5.55
SP09rho10,Y55,WestAfrican,UWOPS83-787.3,mosaic,Haploid,synthetic,MATaura3,133,1913,2046,6.5
TUC132,Y55,WestAfrican,UWOPS87-2421,mosaic,Haploid,synthetic,MATaura3,884,3174,4058,21.78
TUC132,Y55,WestAfrican,UWOPS87-2421,mosaic,Haploid,synthetic,MATaura3,90,2946,3036,2.96
TUC132,Y55,WestAfrican,UWOPS87-2421,mosaic,Haploid,synthetic,MATaura3,979,2107,3086,31.72
SP09rho03,Y55,WestAfrican,W303,mosaic,Haploid,synthetic,MATaura3,4,4382,4386,0.09
SP09rho03,Y55,WestAfrican,W303,mosaic,Haploid,synthetic,MATaura3,303,2759,3062,9.9
SP09rho03,Y55,WestAfrican,W303,mosaic,Haploid,synthetic,MATaura3,183,2940,3123,5.86
SP09rho26,Y55,WestAfrican,Y12,Sake,Haploid,synthetic,MATaura3,465,2587,3052,15.24
SP09rho26,Y55,WestAfrican,Y12,Sake,Haploid,synthetic,MATaura3,574,3094,3668,15.65
SP09rho26,Y55,WestAfrican,Y12,Sake,Haploid,synthetic,MATaura3,400,2807,3207,12.47
SP09rho26,Y55,WestAfrican,Y12,Sake,Haploid,synthetic,MATaura3,219,1239,1458,15.02
SP09rho26,Y55,WestAfrican,Y12,Sake,Haploid,synthetic,MATaura3,230,1418,1648,13.96
ML9x1UB,Y55,WestAfrican,Y55,WestAfrican,Haploid,original,MATxura3arg8::URA3,35,405,440,7.95
ML9x1UB,Y55,WestAfrican,Y55,WestAfrican,Haploid,original,MATxura3arg8::URA3,110,774,884,12.44
ML9x1UB,Y55,WestAfrican,Y55,WestAfrican,Haploid,original,MATxura3arg8::URA3,294,2864,3158,9.31
SP09rho07,Y55,WestAfrican,YIIc17_E5,mosaic,Haploid,synthetic,MATaura3,291,2905,3196,9.11
SP09rho07,Y55,WestAfrican,YIIc17_E5,mosaic,Haploid,synthetic,MATaura3,239,2179,2418,9.88
SP09rho07,Y55,WestAfrican,YIIc17_E5,mosaic,Haploid,synthetic,MATaura3,363,2408,2771,13.1
SP09rho15,Y55,WestAfrican,YJM975,European,Haploid,synthetic,MATaura3,21,371,392,5.36
SP09rho15,Y55,WestAfrican,YJM975,European,Haploid,synthetic,MATaura3,52,986,1038,5.01
SP09rho15,Y55,WestAfrican,YJM975,European,Haploid,synthetic,MATaura3,165,2582,2747,6.01
TUC133,Y55,WestAfrican,YJM978,European,Haploid,synthetic,MATaura3,292,2149,2441,11.96
TUC133,Y55,WestAfrican,YJM978,European,Haploid,synthetic,MATaura3,540,5149,5689,9.49
TUC133,Y55,WestAfrican,YJM978,European,Haploid,synthetic,MATaura3,258,2583,2841,9.08
SP09rho14,Y55,WestAfrican,YJM981,European,Haploid,synthetic,MATaura3,19,586,605,3.14
SP09rho14,Y55,WestAfrican,YJM981,European,Haploid,synthetic,MATaura3,69,1000,1069,6.45
SP09rho14,Y55,WestAfrican,YJM981,European,Haploid,synthetic,MATaura3,199,2714,2913,6.83
SP09rho27,Y55,WestAfrican,YPS606,Nam,Haploid,synthetic,MATaura3,324,3211,3535,9.17
SP09rho27,Y55,WestAfrican,YPS606,Nam,Haploid,synthetic,MATaura3,230,3141,3371,6.82
SP09rho27,Y55,WestAfrican,YPS606,Nam,Haploid,synthetic,MATaura3,186,3362,3548,5.24