StrainID,Nuclear,NucPop_liti,Mito,MitoPop,Ploidy,og_v_syn,Genotype,Petite,Grande,Total,PetFreq,Concatenated
ML9x1UB,Y55,WestAfrican,Y55,WestAfrican,Haploid,original,MATxura3arg8::URA3,35,405,440,7.95,Y55 Y55
ML9x1UB,Y55,WestAfrican,Y55,WestAfrican,Haploid,original,MATxura3arg8::URA3,110,774,884,12.44,Y55 Y55
ML9x1UB,Y55,WestAfrican,Y55,WestAfrican,Haploid,original,MATxura3arg8::URA3,294,2864,3158,9.31,Y55 Y55
ML9x1UB,Y55,WestAfrican,Y55,WestAfrican,Haploid,original,MATxura3arg8::URA3,35,405,440,7.95,Y55 Y55
ML9x1UB,Y55,WestAfrican,Y55,WestAfrican,Haploid,original,MATxura3arg8::URA3,110,774,884,12.44,Y55 Y55
ML9x1UB,Y55,WestAfrican,Y55,WestAfrican,Haploid,original,MATxura3arg8::URA3,294,2864,3158,9.31,Y55 Y55
ML11x1UA,SK1,WestAfrican,SK1,WestAfrican,Haploid,original,MATxura3arg8::URA3,213,1738,1951,10.92,SK1 SK1
ML11x1UA,SK1,WestAfrican,SK1,WestAfrican,Haploid,original,MATxura3arg8::URA3,89,1469,1558,5.71,SK1 SK1
ML11x1UA,SK1,WestAfrican,SK1,WestAfrican,Haploid,original,MATxura3arg8::URA3,263,2384,2647,9.94,SK1 SK1
ML11x1UA,SK1,WestAfrican,SK1,WestAfrican,Haploid,original,MATxura3arg8::URA3,183,1624,1807,10.13,SK1 SK1
SP11rho09,SK1,WestAfrican,Y55,WestAfrican,Haploid,synthetic,MATaura3,197,1624,1821,10.82,SK1 Y55
SP11rho09,SK1,WestAfrican,Y55,WestAfrican,Haploid,synthetic,MATaura3,173,2018,2191,7.9,SK1 Y55
SP11rho09,SK1,WestAfrican,Y55,WestAfrican,Haploid,synthetic,MATaura3,149,1627,1776,8.39,SK1 Y55
SP11rho09,SK1,WestAfrican,Y55,WestAfrican,Haploid,synthetic,MATaura3,77,1301,1378,5.59,SK1 Y55
ML22x1UA,NCYC110,WestAfrican,NCYC110,WestAfrican,Haploid,original,MATxura3arg8::URA3,46,986,1032,4.46,NCYC110 NCYC110
ML22x1UA,NCYC110,WestAfrican,NCYC110,WestAfrican,Haploid,original,MATxura3arg8::URA3,61,1318,1379,4.42,NCYC110 NCYC110
ML22x1UA,NCYC110,WestAfrican,NCYC110,WestAfrican,Haploid,original,MATxura3arg8::URA3,72,1130,1202,5.99,NCYC110 NCYC110
TUC136,NCYC110,WestAfrican,Y55,WestAfrican,Haploid,synthetic,MATxura3,73,578,651,11.21,NCYC110 Y55
TUC136,NCYC110,WestAfrican,Y55,WestAfrican,Haploid,synthetic,MATxura3,62,522,584,10.62,NCYC110 Y55
TUC136,NCYC110,WestAfrican,Y55,WestAfrican,Haploid,synthetic,MATxura3,254,2525,2779,9.14,NCYC110 Y55
TUC136,NCYC110,WestAfrican,Y55,WestAfrican,Haploid,synthetic,MATxura3,90,967,1057,8.51,NCYC110 Y55
21a1,DBVPG6044,WestAfrican,DBVPG6044,WestAfrican,Haploid,original,MATaura3,52,892,944,5.51,DBVPG6044 DBVPG6044
21a1,DBVPG6044,WestAfrican,DBVPG6044,WestAfrican,Haploid,original,MATaura3,49,721,770,6.36,DBVPG6044 DBVPG6044
21a1,DBVPG6044,WestAfrican,DBVPG6044,WestAfrican,Haploid,original,MATaura3,70,1005,1075,6.51,DBVPG6044 DBVPG6044
21a1,DBVPG6044,WestAfrican,DBVPG6044,WestAfrican,Haploid,original,MATaura3,126,2152,2278,5.53,DBVPG6044 DBVPG6044
21a1,DBVPG6044,WestAfrican,DBVPG6044,WestAfrican,Haploid,original,MATaura3,104,1835,1939,5.36,DBVPG6044 DBVPG6044
21a1,DBVPG6044,WestAfrican,DBVPG6044,WestAfrican,Haploid,original,MATaura3,146,2336,2482,5.88,DBVPG6044 DBVPG6044
ML21x1UA,DBVPG6044,WestAfrican,DBVPG6044,WestAfrican,Haploid,original,MATxura3arg8::URA3,23,620,643,3.58,DBVPG6044 DBVPG6044
ML21x1UA,DBVPG6044,WestAfrican,DBVPG6044,WestAfrican,Haploid,original,MATxura3arg8::URA3,18,928,946,1.9,DBVPG6044 DBVPG6044
ML21x1UA,DBVPG6044,WestAfrican,DBVPG6044,WestAfrican,Haploid,original,MATxura3arg8::URA3,77,870,947,8.13,DBVPG6044 DBVPG6044
SP21rho09,DBVPG6044,WestAfrican,Y55,WestAfrican,Haploid,synthetic,MATaura3,256,5702,5958,4.3,DBVPG6044 Y55
SP21rho09,DBVPG6044,WestAfrican,Y55,WestAfrican,Haploid,synthetic,MATaura3,123,1611,1734,7.09,DBVPG6044 Y55
SP21rho09,DBVPG6044,WestAfrican,Y55,WestAfrican,Haploid,synthetic,MATaura3,96,1564,1660,5.78,DBVPG6044 Y55
26a1,Y12,Sake,Y12,Sake,Haploid,original,MATaura3,437,4034,4471,9.77,Y12 Y12
26x1,Y12,Sake,Y12,Sake,Haploid,original,MATxura3,370,3475,3845,9.62,Y12 Y12
SP26rho09,Y12,Sake,Y55,WestAfrican,Haploid,synthetic,MATaura3,728,4156,4884,14.91,Y12 Y55
SP26rho09,Y12,Sake,Y55,WestAfrican,Haploid,synthetic,MATaura3,961,9957,10918,8.8,Y12 Y55
SP26rho09,Y12,Sake,Y55,WestAfrican,Haploid,synthetic,MATaura3,386,7943,8329,4.63,Y12 Y55
SP26rho09,Y12,Sake,Y55,WestAfrican,Haploid,synthetic,MATaura3,670,6600,7270,9.22,Y12 Y55
ML27x1UA,YPS606,NorthAmerican,YPS606,Nam,Haploid,original,MATxura3arg8::URA3,68,1879,1947,3.49,YPS606 YPS606
ML27x1UA,YPS606,NorthAmerican,YPS606,Nam,Haploid,original,MATxura3arg8::URA3,116,2912,3028,3.83,YPS606 YPS606
ML27x1UA,YPS606,NorthAmerican,YPS606,Nam,Haploid,original,MATxura3arg8::URA3,91,2267,2358,3.86,YPS606 YPS606
SP27rho09,YPS606,NorthAmerican,Y55,Nam,Haploid,synthetic,MATaura3,86,1313,1399,6.15,YPS606 Y55
SP27rho09,YPS606,NorthAmerican,Y55,Nam,Haploid,synthetic,MATaura3,142,2293,2435,5.83,YPS606 Y55
SP27rho09,YPS606,NorthAmerican,Y55,Nam,Haploid,synthetic,MATaura3,633,3397,4030,15.71,YPS606 Y55
SP27rho09,YPS606,NorthAmerican,Y55,Nam,Haploid,synthetic,MATaura3,97,1801,1898,5.11,YPS606 Y55
ML12x1UA,BC187,European,BC187,European,Haploid,original,MATxura3arg8::URA3,8,479,487,1.64,BC187 BC187
ML12x1UA,BC187,European,BC187,European,Haploid,original,MATxura3arg8::URA3,8,643,651,1.23,BC187 BC187
ML12x1UA,BC187,European,BC187,European,Haploid,original,MATxura3arg8::URA3,1,749,750,0.13,BC187 BC187
SP12rho09,BC187,European,Y55,WestAfrican,Haploid,synthetic,MATaura3,33,3744,3777,0.87,BC187 Y55
SP12rho09,BC187,European,Y55,WestAfrican,Haploid,synthetic,MATaura3,14,1006,1020,1.37,BC187 Y55
SP12rho09,BC187,European,Y55,WestAfrican,Haploid,synthetic,MATaura3,22,658,680,3.24,BC187 Y55
15a1,YJM975,European,YJM975,European,Haploid,original,MATaura3,26,1477,1503,1.73,YJM975 YJM975
15a1,YJM975,European,YJM975,European,Haploid,original,MATaura3,8,1370,1378,0.58,YJM975 YJM975
15a1,YJM975,European,YJM975,European,Haploid,original,MATaura3,21,1648,1669,1.26,YJM975 YJM975
ML15x1UA,YJM975,European,YJM975,European,Haploid,original,MATxura3arg8::URA3,9,390,399,2.26,YJM975 YJM975
ML15x1UA,YJM975,European,YJM975,European,Haploid,original,MATxura3arg8::URA3,5,624,629,0.79,YJM975 YJM975
ML15x1UA,YJM975,European,YJM975,European,Haploid,original,MATxura3arg8::URA3,8,581,589,1.36,YJM975 YJM975
SP15rho09,YJM975,European,Y55,WestAfrican,Haploid,synthetic,MATaura3,74,1254,1328,5.57,YJM975 Y55
SP15rho09,YJM975,European,Y55,WestAfrican,Haploid,synthetic,MATaura3,24,880,904,2.65,YJM975 Y55
SP15rho09,YJM975,European,Y55,WestAfrican,Haploid,synthetic,MATaura3,26,1359,1385,1.88,YJM975 Y55
14a1,YJM981,European,YJM981,European,Haploid,original,MATaura3,1,1899,1900,0.05,YJM981 YJM981
14a1,YJM981,European,YJM981,European,Haploid,original,MATaura3,2,646,648,0.31,YJM981 YJM981
14a1,YJM981,European,YJM981,European,Haploid,original,MATaura3,5,629,634,0.79,YJM981 YJM981
14a1,YJM981,European,YJM981,European,Haploid,original,MATaura3,3,2841,2844,0.11,YJM981 YJM981
ML14x1UA,YJM981,European,YJM981,European,Haploid,original,MATxura3arg8::URA3,0,331,331,0,YJM981 YJM981
ML14x1UA,YJM981,European,YJM981,European,Haploid,original,MATxura3arg8::URA3,3,333,336,0.89,YJM981 YJM981
ML14x1UA,YJM981,European,YJM981,European,Haploid,original,MATxura3arg8::URA3,0,1451,1451,0,YJM981 YJM981
SP14rho09,YJM981,European,Y55,WestAfrican,Haploid,synthetic,MATaura3,36,1249,1285,2.8,YJM981 Y55
SP14rho09,YJM981,European,Y55,WestAfrican,Haploid,synthetic,MATaura3,4,692,696,0.57,YJM981 Y55
SP14rho09,YJM981,European,Y55,WestAfrican,Haploid,synthetic,MATaura3,6,548,554,1.08,YJM981 Y55